<?xml version="1.0" encoding="UTF-8"?>
<project xmlns="http://www.netbeans.org/ns/project/1">
    <type>org.netbeans.modules.apisupport.project</type>
    <configuration>
        <data xmlns="http://www.netbeans.org/ns/nb-module-project/2">
            <code-name-base>__BASE_PACKAGE__</code-name-base>
            <standalone/>
            <module-dependencies>
                <dependency>
                    <code-name-base>org.netbeans.modules.xml.schema.model</code-name-base>
                    <build-prerequisite/>
                    <compile-dependency/>
                    <run-dependency>
                        <release-version>1</release-version>
                        <specification-version>1.2</specification-version>
                    </run-dependency>
                </dependency>
                <dependency>
                    <code-name-base>org.netbeans.modules.xml.wsdl.bindingsupport.api</code-name-base>
                    <build-prerequisite/>
                    <compile-dependency/>
                    <run-dependency>
                        <specification-version>1.0</specification-version>
                    </run-dependency>
                </dependency>
                <dependency>
                    <code-name-base>org.netbeans.modules.xml.wsdl.model</code-name-base>
                    <build-prerequisite/>
                    <compile-dependency/>
                    <run-dependency>
                        <release-version>1</release-version>
                        <specification-version>1.2</specification-version>
                    </run-dependency>
                </dependency>
                <dependency>
                    <code-name-base>org.netbeans.modules.xml.xam</code-name-base>
                    <build-prerequisite/>
                    <compile-dependency/>
                    <run-dependency>
                        <release-version>1</release-version>
                        <specification-version>1.2</specification-version>
                    </run-dependency>
                </dependency>
                <dependency>
                    <code-name-base>org.openide.util</code-name-base>
                    <build-prerequisite/>
                    <compile-dependency/>
                    <run-dependency>
                        <specification-version>7.9.0.1</specification-version>
                    </run-dependency>
                </dependency>
            </module-dependencies>
            <public-packages/>
        </data>
    </configuration>
</project>
