--/*      File: populate_alese_tables.sql 
--        Populate the ALESE DB with sample data
--*/

--/*=============================================*/
--/*===	Populate Sample Repository Users    ===*/
--/*=============================================*/ 
insert into CSF_REP_USERS (USER_LOGICAL_ID, USER_DESCRIPTION, USER_NAME, USER_PASSWORD, ACTIVE_FLAG, CREATE_ID, CREATE_DATE_TIME, LAST_MOD_ID, LAST_MOD_DATE_TIME)
	values ('SampleUser', 'Sample User ID', 'SampleUser', 'SampleUser', 'Y', 'SampleUser', CURRENT_TIMESTAMP, 'SampleUser', CURRENT_TIMESTAMP);
insert into CSF_REP_USERS (USER_LOGICAL_ID, USER_DESCRIPTION, USER_NAME, USER_PASSWORD, ACTIVE_FLAG, CREATE_ID, CREATE_DATE_TIME, LAST_MOD_ID, LAST_MOD_DATE_TIME)
	values ('csf_admin', 'CSF Administrator', 'csf_admin', 'csf_admin', 'Y', 'csf_admin', CURRENT_TIMESTAMP, 'csf_admin', CURRENT_TIMESTAMP);
insert into CSF_REP_USERS (USER_LOGICAL_ID, USER_DESCRIPTION, USER_NAME, USER_PASSWORD, ACTIVE_FLAG, CREATE_ID, CREATE_DATE_TIME, LAST_MOD_ID, LAST_MOD_DATE_TIME)
	values ('Administrator', 'Administrator', 'Administrator', 'Administrator', 'Y', 'Administrator', CURRENT_TIMESTAMP, 'Administrator', CURRENT_TIMESTAMP);


--/*=============================================*/
--/*===	Populate Sample Logger Channels     ===*/
--/*=============================================*/ 
insert into CSF_LOGGER_CHANNELS ( LOGGER_CHANNEL_CODE, CHANNEL_TYPE, FILE_NAME, ACTIVE_FLAG, CREATE_ID, CREATE_DATE_TIME, LAST_MOD_ID, LAST_MOD_DATE_TIME) 
	values (100,'FILE','c:\csf_logging\csf_logging_channel_100.log','Y', 'SampleUser', CURRENT_TIMESTAMP, 'SampleUser', CURRENT_TIMESTAMP);

insert into CSF_LOGGER_CHANNELS (LOGGER_CHANNEL_CODE, CHANNEL_TYPE, FILE_NAME, ACTIVE_FLAG, CREATE_ID, CREATE_DATE_TIME, LAST_MOD_ID, LAST_MOD_DATE_TIME) 
	values (101,'ORADB','','Y', 'SampleUser', CURRENT_TIMESTAMP, 'SampleUser', CURRENT_TIMESTAMP);


--/*=============================================*/
--/*===	Populate Sample Alerter Groups      ===*/
--/*=============================================*/   
insert into CSF_ALERTER_GROUPS (ALERTER_GROUP, ALERTER_FROM, ALERTER_TO_PRIMARY, ALERTER_TO_SECONDARY, ACTIVE_FLAG, CREATE_ID, CREATE_DATE_TIME, LAST_MOD_ID, LAST_MOD_DATE_TIME)
	values ('OPERATIONS', 'admin@companyname.com', 'Operations@companyname.com', 'SecondarySupp@companyname.com', 'Y', 'SampleUser', CURRENT_TIMESTAMP, 'SampleUser', CURRENT_TIMESTAMP);
	
insert into CSF_ALERTER_GROUPS (ALERTER_GROUP, ALERTER_FROM, ALERTER_TO_PRIMARY, ALERTER_TO_SECONDARY, ACTIVE_FLAG, CREATE_ID, CREATE_DATE_TIME, LAST_MOD_ID, LAST_MOD_DATE_TIME)
	values ('SECONDSUPP', 'admin@companyname.com', 'SecondarySupp@companyname.com', 'Operations@companyname.com', 'Y', 'SampleUser', CURRENT_TIMESTAMP, 'SampleUser', CURRENT_TIMESTAMP);


--/*=============================================*/
--/*===	Populate Std Logger Codes        ===*/
--/*=============================================*/ 
insert into CSF_LOGGER_CODES (LOGGER_CODE, LOGGER_LABEL, LOGGER_CATEGORY, LOGGER_LEVEL, LOGGER_DESCRIPTION, LOGGER_CHANNEL_CODE, ACTIVE_FLAG, CREATE_ID, CREATE_DATE_TIME, LAST_MOD_ID, LAST_MOD_DATE_TIME) 
	values (100, 'CSF_LOGGER_LABEL_100', 'APPLICATION', 'FATAL', 'Fatal Logger Message', 101, 'Y', 'SampleUser', CURRENT_TIMESTAMP, 'SampleUser', CURRENT_TIMESTAMP);

insert into CSF_LOGGER_CODES (LOGGER_CODE, LOGGER_LABEL, LOGGER_CATEGORY, LOGGER_LEVEL, LOGGER_DESCRIPTION, LOGGER_CHANNEL_CODE, ACTIVE_FLAG, CREATE_ID, CREATE_DATE_TIME, LAST_MOD_ID, LAST_MOD_DATE_TIME) 
	values (200, 'CSF_LOGGER_LABEL_200', 'APPLICATION', 'CRITICAL', 'Critical Logger Message', 101, 'Y', 'SampleUser', CURRENT_TIMESTAMP, 'SampleUser', CURRENT_TIMESTAMP);

insert into CSF_LOGGER_CODES (LOGGER_CODE, LOGGER_LABEL, LOGGER_CATEGORY, LOGGER_LEVEL, LOGGER_DESCRIPTION, LOGGER_CHANNEL_CODE, ACTIVE_FLAG, CREATE_ID, CREATE_DATE_TIME, LAST_MOD_ID, LAST_MOD_DATE_TIME) 
	values (300, 'CSF_LOGGER_LABEL_300', 'APPLICATION', 'WARNING', 'Warning Logger Message', 101, 'Y', 'SampleUser', CURRENT_TIMESTAMP, 'SampleUser', CURRENT_TIMESTAMP);

insert into CSF_LOGGER_CODES (LOGGER_CODE, LOGGER_LABEL, LOGGER_CATEGORY, LOGGER_LEVEL, LOGGER_DESCRIPTION, LOGGER_CHANNEL_CODE, ACTIVE_FLAG, CREATE_ID, CREATE_DATE_TIME, LAST_MOD_ID, LAST_MOD_DATE_TIME) 
	values (400, 'CSF_LOGGER_LABEL_400', 'APPLICATION', 'INFO1', 'Info Logger Message1', 101, 'Y', 'SampleUser', CURRENT_TIMESTAMP, 'SampleUser', CURRENT_TIMESTAMP);

insert into CSF_LOGGER_CODES (LOGGER_CODE, LOGGER_LABEL, LOGGER_CATEGORY, LOGGER_LEVEL, LOGGER_DESCRIPTION, LOGGER_CHANNEL_CODE, ACTIVE_FLAG, CREATE_ID, CREATE_DATE_TIME, LAST_MOD_ID, LAST_MOD_DATE_TIME) 
	values (500, 'CSF_LOGGER_LABEL_500', 'APPLICATION', 'INFO2', 'Info Logger Message2', 101, 'Y', 'SampleUser', CURRENT_TIMESTAMP, 'SampleUser', CURRENT_TIMESTAMP);


--/*=============================================*/
--/*===	Populate Std Alerter Channels       ===*/
--/*=============================================*/   
insert into CSF_ALERTER_CHANNELS (ALERTER_CHANNEL_CODE, CHANNEL_TYPE, HOST_NAME, COMMUNITY, TRAP_PORT, LISTENER_PORT, ACTIVE_FLAG, CREATE_ID, CREATE_DATE_TIME, LAST_MOD_ID, LAST_MOD_DATE_TIME)
	values (1, 'EMAIL', '', '', '', '', 'Y', 'SampleUser', CURRENT_TIMESTAMP, 'SampleUser', CURRENT_TIMESTAMP);
insert into CSF_ALERTER_CHANNELS (ALERTER_CHANNEL_CODE, CHANNEL_TYPE, HOST_NAME, COMMUNITY, TRAP_PORT, LISTENER_PORT, ACTIVE_FLAG, CREATE_ID, CREATE_DATE_TIME, LAST_MOD_ID, LAST_MOD_DATE_TIME)
	values (2, 'SNMP', '', '', '', '', 'Y', 'SampleUser', CURRENT_TIMESTAMP, 'SampleUser', CURRENT_TIMESTAMP);


--/*=============================================*/
--/*===	Populate Std Alerter Codes          ===*/
--/*=============================================*/   
insert into CSF_ALERTER_CODES (ALERTER_CODE, ALERTER_LABEL, ALERTER_CATEGORY, ALERTER_LEVEL, ALERTER_DESCRIPTION, ALERTER_GROUP, ALERTER_CHANNEL_CODE, ACTIVE_FLAG, CREATE_ID, CREATE_DATE_TIME, LAST_MOD_ID, LAST_MOD_DATE_TIME)
	values (1000, 'CSF_ALERTCODE_FATAL', 'APPLICATION', 'FATAL', 'Fatal Alert Code', 'OPERATIONS', 2, 'Y', 'SampleUser', CURRENT_TIMESTAMP, 'SampleUser', CURRENT_TIMESTAMP);
	
insert into CSF_ALERTER_CODES (ALERTER_CODE, ALERTER_LABEL, ALERTER_CATEGORY, ALERTER_LEVEL, ALERTER_DESCRIPTION, ALERTER_GROUP, ALERTER_CHANNEL_CODE, ACTIVE_FLAG, CREATE_ID, CREATE_DATE_TIME, LAST_MOD_ID, LAST_MOD_DATE_TIME)
	values (2000, 'CSF_ALERTCODE_CRITICAL', 'APPLICATION', 'CRITICAL', 'Critical Alert Code', 'OPERATIONS', 2, 'Y', 'SampleUser', CURRENT_TIMESTAMP, 'SampleUser', CURRENT_TIMESTAMP);
	
insert into CSF_ALERTER_CODES (ALERTER_CODE, ALERTER_LABEL, ALERTER_CATEGORY, ALERTER_LEVEL, ALERTER_DESCRIPTION, ALERTER_GROUP, ALERTER_CHANNEL_CODE, ACTIVE_FLAG, CREATE_ID, CREATE_DATE_TIME, LAST_MOD_ID, LAST_MOD_DATE_TIME)
	values (3000, 'CSF_ALERTCODE_WARNING', 'APPLICATION', 'WARNING', 'Warning Alert Code', 'SECONDSUPP', 2, 'Y', 'SampleUser', CURRENT_TIMESTAMP, 'SampleUser', CURRENT_TIMESTAMP);

insert into CSF_ALERTER_CODES (ALERTER_CODE, ALERTER_LABEL, ALERTER_CATEGORY, ALERTER_LEVEL, ALERTER_DESCRIPTION, ALERTER_GROUP, ALERTER_CHANNEL_CODE, ACTIVE_FLAG, CREATE_ID, CREATE_DATE_TIME, LAST_MOD_ID, LAST_MOD_DATE_TIME)
	values (4000, 'CSF_ALERTCODE_INFO1', 'APPLICATION', 'INFO1', 'Info Alert Code1', 'SECONDSUPP', 2, 'Y', 'SampleUser', CURRENT_TIMESTAMP, 'SampleUser', CURRENT_TIMESTAMP);

insert into CSF_ALERTER_CODES (ALERTER_CODE, ALERTER_LABEL, ALERTER_CATEGORY, ALERTER_LEVEL, ALERTER_DESCRIPTION, ALERTER_GROUP, ALERTER_CHANNEL_CODE, ACTIVE_FLAG, CREATE_ID, CREATE_DATE_TIME, LAST_MOD_ID, LAST_MOD_DATE_TIME)
	values (5000, 'CSF_ALERTCODE_INFO2', 'APPLICATION', 'INFO2', 'Info Alert Code2', 'SECONDSUPP', 2, 'Y', 'SampleUser', CURRENT_TIMESTAMP, 'SampleUser', CURRENT_TIMESTAMP);


--/*=============================================*/
--/*===	Populate Std Error Codes            ===*/
--/*=============================================*/      
insert into CSF_ERROR_CODES (ERROR_CODE, ERROR_LABEL, ERROR_CATEGORY, ERROR_LEVEL, ERROR_DESCRIPTION, AUTHORIZE_FLAG, LOGGER_FLAG, ALERTER_FLAG, REPLAY_FLAG, PERSIST_FLAG, ENCODE_FLAG, ALERTER_CODE,LOGGER_CODE, PERSIST_MODE, ENCODE_MODE, ACTIVE_FLAG, CREATE_ID, CREATE_DATE_TIME, LAST_MOD_ID, LAST_MOD_DATE_TIME) 
	values (1, 'CSF_ERRCODE_FATAL', 'APPLICATION', 'FATAL', 'Fatal Error Code', 'N', 'Y', 'Y', 'Y', 'Y', 'N', 1000, 100, 'DATABASE', 'NONE', 'Y', 'SampleUser', CURRENT_TIMESTAMP, 'SampleUser', CURRENT_TIMESTAMP);
	
insert into CSF_ERROR_CODES (ERROR_CODE, ERROR_LABEL, ERROR_CATEGORY, ERROR_LEVEL, ERROR_DESCRIPTION, AUTHORIZE_FLAG, LOGGER_FLAG, ALERTER_FLAG, REPLAY_FLAG, PERSIST_FLAG, ENCODE_FLAG, ALERTER_CODE, LOGGER_CODE, PERSIST_MODE, ENCODE_MODE, ACTIVE_FLAG, CREATE_ID, CREATE_DATE_TIME, LAST_MOD_ID, LAST_MOD_DATE_TIME) 
	values (2, 'CSF_ERRCODE_CRITICAL', 'APPLICATION', 'CRITICAL', 'Critical Error Code', 'N', 'Y', 'Y', 'Y', 'Y', 'N', 2000, 200, 'DATABASE', 'NONE', 'Y', 'SampleUser', CURRENT_TIMESTAMP, 'SampleUser', CURRENT_TIMESTAMP);
	
insert into CSF_ERROR_CODES (ERROR_CODE, ERROR_LABEL, ERROR_CATEGORY, ERROR_LEVEL, ERROR_DESCRIPTION, AUTHORIZE_FLAG, LOGGER_FLAG, ALERTER_FLAG, REPLAY_FLAG, PERSIST_FLAG, ENCODE_FLAG, ALERTER_CODE, LOGGER_CODE, PERSIST_MODE, ENCODE_MODE, ACTIVE_FLAG, CREATE_ID, CREATE_DATE_TIME, LAST_MOD_ID, LAST_MOD_DATE_TIME) 
	values (3, 'CSF_ERRCODE_WARNING', 'APPLICATION', 'WARNING', 'Warning Error Code', 'N', 'Y', 'Y', 'Y', 'Y', 'N', 3000, 300, 'DATABASE', 'NONE', 'Y', 'SampleUser', CURRENT_TIMESTAMP, 'SampleUser', CURRENT_TIMESTAMP);

insert into CSF_ERROR_CODES (ERROR_CODE, ERROR_LABEL, ERROR_CATEGORY, ERROR_LEVEL, ERROR_DESCRIPTION, AUTHORIZE_FLAG, LOGGER_FLAG, ALERTER_FLAG, REPLAY_FLAG, PERSIST_FLAG, ENCODE_FLAG, ALERTER_CODE, LOGGER_CODE, PERSIST_MODE, ENCODE_MODE, ACTIVE_FLAG, CREATE_ID, CREATE_DATE_TIME, LAST_MOD_ID, LAST_MOD_DATE_TIME) 
	values (4, 'CSF_ERRCODE_INFO1', 'APPLICATION', 'INFO1', 'Info Error Code1', 'N', 'Y', 'Y', 'Y', 'Y', 'N', 4000, 400, 'DATABASE', 'NONE', 'Y', 'SampleUser', CURRENT_TIMESTAMP, 'SampleUser', CURRENT_TIMESTAMP);

insert into CSF_ERROR_CODES (ERROR_CODE, ERROR_LABEL, ERROR_CATEGORY, ERROR_LEVEL, ERROR_DESCRIPTION, AUTHORIZE_FLAG, LOGGER_FLAG, ALERTER_FLAG, REPLAY_FLAG, PERSIST_FLAG, ENCODE_FLAG, ALERTER_CODE, LOGGER_CODE, PERSIST_MODE, ENCODE_MODE, ACTIVE_FLAG, CREATE_ID, CREATE_DATE_TIME, LAST_MOD_ID, LAST_MOD_DATE_TIME) 
	values (5, 'CSF_ERRCODE_INFO2', 'APPLICATION', 'INFO2', 'Info Error Code2', 'N', 'Y', 'Y', 'Y', 'Y', 'N', 5000, 500, 'DATABASE', 'NONE', 'Y', 'SampleUser', CURRENT_TIMESTAMP, 'SampleUser', CURRENT_TIMESTAMP);

--/*===============================================================================
                             
--        ####### ####### #######  
--        #       #     # #        
--        #       #     # #
--        #####   #     # #####
--        #       #     # #
--        #       #     # #
--        ####### ####### #

--==================================================================================*/