<?xml version="1.0" encoding="UTF-8"?>
<!DOCTYPE filesystem PUBLIC "-//NetBeans//DTD Filesystem 1.1//EN" "http://www.netbeans.org/dtds/filesystem-1_1.dtd">
<filesystem>
    <folder name="WSDLEditor">
        <!-- WSDL Editor required information for text/visual editing and validating the 
        wsdl extension elements for this binding component -->
        
        <!-- XSD file for the wsdl extension and its namespace and prefix values -->        
        <file name="${artifactId}WsdlExt.xsd" url="${artifactId}WsdlExt.xsd">
            <attr name="namespace" stringvalue="http://java.sun.com/jbi/wsdl-extensions/sample/jmx-bc/" />
            <attr name="prefix" stringvalue="bindingcomponent" />
        </file>
        <!-- wsdl extension elements and their visual attributes description used 
        in each wsdl element of the wsdl defintion to add the extension element 
        TODO: add/remove any extension elements/attribute information that have 
        modified in the wsdl extension schema here to map them to WSDL Editor model -->
        <folder name ="Binding">
            <file name="${artifactId}BindingExt">
                <attr name="xsdFileName" stringvalue="${artifactId}WsdlExt" />
                <attr name="element" stringvalue="binding" />
                <attr name="SystemFileSystem.localizingBundle" stringvalue="cname.Bundle" />
                <attr name="SystemFileSystem.icon" urlvalue="nbresloc:/cname/resources/binding-ext.png" /> 
            </file>
        </folder>
        
        <folder name ="BindingOperation">
            <file name="${artifactId}OperationExt">
                <attr name="xsdFileName" stringvalue="${artifactId}WsdlExt" />
                <attr name="element" stringvalue="operation" />
                <attr name="SystemFileSystem.localizingBundle" stringvalue="cname.Bundle" />
                <attr name="SystemFileSystem.icon" urlvalue="nbresloc:/cname/resources/operation-ext.png" /> 
            </file>
        </folder>
        
        <folder name ="BindingOperationInput">
            <file name="${artifactId}InputExt">
                <attr name="xsdFileName" stringvalue="${artifactId}WsdlExt" />
                <attr name="element" stringvalue="input" />
                <attr name="SystemFileSystem.localizingBundle" stringvalue="cname.Bundle" />
                <attr name="SystemFileSystem.icon" urlvalue="nbresloc:/cname/resources/input-ext.png" /> 
            </file>
        </folder>	        
        
        <folder name ="BindingOperationOutput">
            <file name="${artifactId}OutputExt">
                <attr name="xsdFileName" stringvalue="${artifactId}WsdlExt" />
                <attr name="element" stringvalue="output" />
                <attr name="SystemFileSystem.localizingBundle" stringvalue="cname.Bundle" />
                <attr name="SystemFileSystem.icon" urlvalue="nbresloc:/cname/resources/output-ext.png" /> 
            </file>
        </folder>	        
        
        <folder name ="BindingOperationFault">
            <file name="${artifactId}FaultExt">
                <attr name="xsdFileName" stringvalue="${artifactId}WsdlExt" />
                <attr name="element" stringvalue="fault" />
                <attr name="SystemFileSystem.localizingBundle" stringvalue="cname.Bundle" />
                <attr name="SystemFileSystem.icon" urlvalue="nbresloc:/cname/resources/fault-ext.png" /> 
            </file>            
        </folder>
        
        <folder name ="ServicePort">
            <file name="${artifactId}PortExt" >
                <attr name="xsdFileName" stringvalue="${artifactId}WsdlExt" />
                <attr name="element" stringvalue="address" />
                <attr name="SystemFileSystem.localizingBundle" stringvalue="cname.Bundle" />
                <attr name="SystemFileSystem.icon" urlvalue="nbresloc:/cname/resources/port-ext.png" /> 
            </file>
        </folder>	        
    </folder>
    
    <folder name="JbiComponents">
        <!-- JBI Component description for binding component required to participate 
             in the jbi composite application project that generates the service unit 
             for this binding component -->
        <folder name="${artifactId}">
            <attr name="id" stringvalue="${artifactId}"/>
            <attr name="type" stringvalue="Binding"/>
            <attr name="description" stringvalue="Description of binding component : ${artifactId}"/>
            <file name="${artifactId}.binding-1.0" >
                <attr name="namespace" stringvalue="http://java.sun.com/jbi/wsdl-extensions/sample/jmx-bc/"/>
            </file>
        </folder>
    </folder>
    
</filesystem>
