<?xml version="1.0" encoding="UTF-8"?>
<!DOCTYPE filesystem PUBLIC "-//NetBeans//DTD Filesystem 1.1//EN" "http://www.netbeans.org/dtds/filesystem-1_1.dtd">
<filesystem>
    <folder name="Templates">
        <folder name="Project">
            <folder name="SOA">
                <file name="ProviderSEJBIModule.xml" url="/org/netbeans/modules/jbi/sample/engine/project/resources/se-jbi-module.xml">
                    <attr name="SystemFileSystem.localizingBundle" stringvalue="org.netbeans.modules.jbi.sample.engine.Bundle"/>
                    <attr name="SystemFileSystem.icon" urlvalue="nbresloc:/org/netbeans/modules/jbi/sample/engine/project/resources/projectIcon.png"/>
                    <attr name="instantiatingIterator" methodvalue="org.netbeans.modules.jbi.sample.engine.project.wizard.SEPluginProjectWizardIterator.createIterator"/>
                    <attr name="instantiatingWizardURL" urlvalue="nbresloc:/org/netbeans/modules/jbi/sample/engine/project/wizard/SEPluginProjectDescription.html"/>
                    <attr name="templateCategory" stringvalue="jbi-se-plugin-prj-types"/>
                    <attr name="template" boolvalue="true"/>
                </file>
            </folder>
        </folder>
    </folder>
    
    <folder name="JbiComponents">
        <!-- JBI Component -->
        <file name="ProviderSE">
            <attr name="id" stringvalue="ProviderSE"/>
            <attr name="type" stringvalue="Engine"/>
            <attr name="description" stringvalue="Description of service engine : ProviderSE"/>
        </file>
    </folder>
    
</filesystem>
