<?xml version="1.0" encoding="UTF-8"?>

<!--
    Document   : archtype descripter
    Created on : 23 July, 2013, 12:34 PM
    Author     : Paramjeet Singh, Logicoy
    Description:
        Maven project Archtype descripter for OpenESB Service Engine Plugin archtype, this contains All
		necessory logic for building the archType packages and classes.
-->


<archetype-descriptor xsi:schemaLocation="http://maven.apache.org/plugins/maven-archetype-plugin/archetype-descriptor/1.0.0 http://maven.apache.org/xsd/archetype-descriptor-1.0.0.xsd" name="ServiceEngine"
    xmlns="http://maven.apache.org/plugins/maven-archetype-plugin/archetype-descriptor/1.0.0"
    xmlns:xsi="http://www.w3.org/2001/XMLSchema-instance">
  <fileSets>
    <fileSet filtered="true" encoding="UTF-8">
      <directory>deploy-plugin/nbproject</directory>
      <includes>
        <include>**/*.xml</include>
        <include>**/*.properties</include>
      </includes>
    </fileSet>
    <fileSet filtered="true" encoding="UTF-8">
      <directory>deploy-plugin/src</directory>
      <includes>
        <include>**/*.html</include>
        <include>**/*.java</include>
        <include>**/*.xml</include>
        <include>**/*.properties</include>
      </includes>
    </fileSet>
    <fileSet filtered="true" encoding="UTF-8">
      <directory>nbproject</directory>
      <includes>
        <include>**/*.xml</include>
        <include>**/*.properties</include>
      </includes>
    </fileSet>
    <fileSet filtered="true" encoding="UTF-8">
      <directory>nbproject/private</directory>
      <includes>
        <include>**/*.xml</include>
        <include>**/*.properties</include>
      </includes>
    </fileSet>
    <fileSet filtered="true" encoding="UTF-8">
      <directory>deploy-plugin</directory>
      <includes>
        <include>**/*.xml</include>
      </includes>
    </fileSet>
    <fileSet encoding="UTF-8">
      <directory>deploy-plugin/src</directory>
      <includes>
        <include>**/*.xsl</include>
        <include>**/*.form</include>
        <include>**/*.wsdl</include>
        <include>**/*.png</include>
        <include>**/*.AntBasedProjectType</include>
        <include>**/*.CollocationQueryImplementation</include>
      </includes>
    </fileSet>
    <fileSet encoding="UTF-8">
      <directory>deploy-plugin</directory>
      <includes>
        <include>**/*.mf</include>
      </includes>
    </fileSet>
    <fileSet filtered="true" encoding="UTF-8">
      <directory></directory>
      <includes>
        <include>build.xml</include>
        <include>install-params.properties</include>
        <include>m2nbbuild-impl.xml</include>
        <include>m2nbbuild.properties</include>
        <include>m2nbbuild.xml</include>
      </includes>
    </fileSet>
  </fileSets>
</archetype-descriptor>
