--/*      File: populate_alese_tables.sql 
--        Populate the ALESE DB with sample data
--*/

--/*=============================================*/
--/*===	Populate Sample Repository Users    ===*/
--/*=============================================*/ 
insert into CSF_REP_USERS (USER_LOGICAL_ID, USER_DESCRIPTION, USER_NAME, USER_PASSWORD, ACTIVE_FLAG, CREATE_ID, CREATE_DATE_TIME, LAST_MOD_ID, LAST_MOD_DATE_TIME)
	values ('SampleUser', 'Sample User ID', 'SampleUser', 'SampleUser', 'Y', 'SampleUser', CURRENT_TIMESTAMP, 'SampleUser', CURRENT_TIMESTAMP);
insert into CSF_REP_USERS (USER_LOGICAL_ID, USER_DESCRIPTION, USER_NAME, USER_PASSWORD, ACTIVE_FLAG, CREATE_ID, CREATE_DATE_TIME, LAST_MOD_ID, LAST_MOD_DATE_TIME)
	values ('csf_admin', 'CSF Administrator', 'csf_admin', 'csf_admin', 'Y', 'csf_admin', CURRENT_TIMESTAMP, 'csf_admin', CURRENT_TIMESTAMP);
insert into CSF_REP_USERS (USER_LOGICAL_ID, USER_DESCRIPTION, USER_NAME, USER_PASSWORD, ACTIVE_FLAG, CREATE_ID, CREATE_DATE_TIME, LAST_MOD_ID, LAST_MOD_DATE_TIME)
	values ('Administrator', 'Administrator', 'Administrator', 'Administrator', 'Y', 'Administrator', CURRENT_TIMESTAMP, 'Administrator', CURRENT_TIMESTAMP);

--/*=============================================*/
--/*===	Populate Sample ALE Channels     ===*/
--/*=============================================*/ 
insert into ALE_CHANNELS ( ALE_CHANNEL_CODE, CHANNEL_TYPE, ACTIVE_FLAG, CREATE_ID, CREATE_DATE_TIME, LAST_MOD_ID, LAST_MOD_DATE_TIME) 
	values (101,'DATABASE','Y', 'SampleUser', CURRENT_TIMESTAMP, 'SampleUser', CURRENT_TIMESTAMP);
insert into ALE_CHANNELS ( ALE_CHANNEL_CODE, CHANNEL_TYPE, FILE_NAME, ACTIVE_FLAG, CREATE_ID, CREATE_DATE_TIME, LAST_MOD_ID, LAST_MOD_DATE_TIME) 
	values (102,'FILE','c:\csf_logging\csf_logging_channel_100.log','Y', 'SampleUser', CURRENT_TIMESTAMP, 'SampleUser', CURRENT_TIMESTAMP);

insert into ALE_CHANNELS ( ALE_CHANNEL_CODE, CHANNEL_TYPE, ACTIVE_FLAG, CREATE_ID, CREATE_DATE_TIME, LAST_MOD_ID, LAST_MOD_DATE_TIME) 
	values (103,'ALERTER','Y', 'SampleUser', CURRENT_TIMESTAMP, 'SampleUser', CURRENT_TIMESTAMP);

insert into ALE_CHANNELS (ALE_CHANNEL_CODE, CHANNEL_TYPE, HOST_NAME, COMMUNITY, TRAP_PORT, LISTENER_PORT, EMAIL_FROM, EMAIL_TO_PRIMARY, EMAIL_TO_SECONDARY, ACTIVE_FLAG, CREATE_ID, CREATE_DATE_TIME, LAST_MOD_ID, LAST_MOD_DATE_TIME)
	values (104, 'EMAIL', 'localhost', '', '', '','admin@companyname.com', 'Operations@companyname.com', 'SecondarySupp@companyname.com' ,'Y', 'SampleUser', CURRENT_TIMESTAMP, 'SampleUser', CURRENT_TIMESTAMP);
insert into ALE_CHANNELS (ALE_CHANNEL_CODE, CHANNEL_TYPE, HOST_NAME, COMMUNITY, TRAP_PORT, LISTENER_PORT, EMAIL_FROM, EMAIL_TO_PRIMARY, EMAIL_TO_SECONDARY, ACTIVE_FLAG, CREATE_ID, CREATE_DATE_TIME, LAST_MOD_ID, LAST_MOD_DATE_TIME)
	values (105, 'EMAIL', 'localhost', '', '', '','admin@companyname.com','SecondarySupp@companyname.com', 'Operations@companyname.com' ,'Y', 'SampleUser', CURRENT_TIMESTAMP, 'SampleUser', CURRENT_TIMESTAMP);

insert into ALE_CHANNELS (ALE_CHANNEL_CODE, CHANNEL_TYPE, HOST_NAME, JMS_PORT, JMS_TYPE, JMS_NAME, USER_NAME, PASS_WORD, ACTIVE_FLAG, CREATE_ID, CREATE_DATE_TIME, LAST_MOD_ID, LAST_MOD_DATE_TIME)
	values (106, 'JMS', 'localhost', '7676', 'QUEUE', 'Queue1','admin', 'admin' ,'Y', 'SampleUser', CURRENT_TIMESTAMP, 'SampleUser', CURRENT_TIMESTAMP);
insert into ALE_CHANNELS (ALE_CHANNEL_CODE, CHANNEL_TYPE, HOST_NAME, JMS_PORT, JMS_TYPE, JMS_NAME, USER_NAME, PASS_WORD, ACTIVE_FLAG, CREATE_ID, CREATE_DATE_TIME, LAST_MOD_ID, LAST_MOD_DATE_TIME)
	values (107, 'JMS', 'localhost', '7676', 'TOPIC', 'Topic1','admin', 'admin' ,'Y', 'SampleUser', CURRENT_TIMESTAMP, 'SampleUser', CURRENT_TIMESTAMP);

--/*=============================================*/
--/*===	Populate Std Logger Codes        ===*/
--/*=============================================*/ 
insert into CSF_LOGGER_CODES (LOGGER_CODE, LOGGER_LABEL, LOGGER_CATEGORY, LOGGER_LEVEL, LOGGER_DESCRIPTION, ACTIVE_FLAG, CREATE_ID, CREATE_DATE_TIME, LAST_MOD_ID, LAST_MOD_DATE_TIME) 
	values (100, 'CSF_LOGGER_LABEL_100', 'APPLICATION', 'FATAL', 'Fatal Logger Message', 'Y', 'SampleUser', CURRENT_TIMESTAMP, 'SampleUser', CURRENT_TIMESTAMP);

insert into CSF_LOGGER_CODES (LOGGER_CODE, LOGGER_LABEL, LOGGER_CATEGORY, LOGGER_LEVEL, LOGGER_DESCRIPTION, ACTIVE_FLAG, CREATE_ID, CREATE_DATE_TIME, LAST_MOD_ID, LAST_MOD_DATE_TIME) 
	values (200, 'CSF_LOGGER_LABEL_200', 'APPLICATION', 'CRITICAL', 'Critical Logger Message', 'Y', 'SampleUser', CURRENT_TIMESTAMP, 'SampleUser', CURRENT_TIMESTAMP);

insert into CSF_LOGGER_CODES (LOGGER_CODE, LOGGER_LABEL, LOGGER_CATEGORY, LOGGER_LEVEL, LOGGER_DESCRIPTION, ACTIVE_FLAG, CREATE_ID, CREATE_DATE_TIME, LAST_MOD_ID, LAST_MOD_DATE_TIME) 
	values (300, 'CSF_LOGGER_LABEL_300', 'APPLICATION', 'WARNING', 'Warning Logger Message', 'Y', 'SampleUser', CURRENT_TIMESTAMP, 'SampleUser', CURRENT_TIMESTAMP);

insert into CSF_LOGGER_CODES (LOGGER_CODE, LOGGER_LABEL, LOGGER_CATEGORY, LOGGER_LEVEL, LOGGER_DESCRIPTION, ACTIVE_FLAG, CREATE_ID, CREATE_DATE_TIME, LAST_MOD_ID, LAST_MOD_DATE_TIME) 
	values (400, 'CSF_LOGGER_LABEL_400', 'APPLICATION', 'INFO1', 'Info Logger Message1', 'Y', 'SampleUser', CURRENT_TIMESTAMP, 'SampleUser', CURRENT_TIMESTAMP);

insert into CSF_LOGGER_CODES (LOGGER_CODE, LOGGER_LABEL, LOGGER_CATEGORY, LOGGER_LEVEL, LOGGER_DESCRIPTION, ACTIVE_FLAG, CREATE_ID, CREATE_DATE_TIME, LAST_MOD_ID, LAST_MOD_DATE_TIME) 
	values (500, 'CSF_LOGGER_LABEL_500', 'APPLICATION', 'INFO2', 'Info Logger Message2', 'Y', 'SampleUser', CURRENT_TIMESTAMP, 'SampleUser', CURRENT_TIMESTAMP);

--/*=============================================================*/
--/*===	Populate Reserved Logger Codes for MessageTracking ===*/
--/*=============================================================*/ 
insert into CSF_LOGGER_CODES (LOGGER_CODE, LOGGER_LABEL, LOGGER_CATEGORY, LOGGER_LEVEL, LOGGER_DESCRIPTION, ACTIVE_FLAG, CREATE_ID, CREATE_DATE_TIME, LAST_MOD_ID, LAST_MOD_DATE_TIME) 
	values (1, 'CSF_LOGGER_LABEL_1', 'RESERVED', 'INFO1', 'MESSAGE TRACKING CODE: OUTGOING_REQUEST', 'Y', 'SampleUser', CURRENT_TIMESTAMP, 'SampleUser', CURRENT_TIMESTAMP);
	
insert into CSF_LOGGER_CODES (LOGGER_CODE, LOGGER_LABEL, LOGGER_CATEGORY, LOGGER_LEVEL, LOGGER_DESCRIPTION, ACTIVE_FLAG, CREATE_ID, CREATE_DATE_TIME, LAST_MOD_ID, LAST_MOD_DATE_TIME) 
	values (2, 'CSF_LOGGER_LABEL_2', 'RESERVED', 'INFO1', 'MESSAGE TRACKING CODE: OUTGOING_RESPONSE', 'Y', 'SampleUser', CURRENT_TIMESTAMP, 'SampleUser', CURRENT_TIMESTAMP);
	
insert into CSF_LOGGER_CODES (LOGGER_CODE, LOGGER_LABEL, LOGGER_CATEGORY, LOGGER_LEVEL, LOGGER_DESCRIPTION, ACTIVE_FLAG, CREATE_ID, CREATE_DATE_TIME, LAST_MOD_ID, LAST_MOD_DATE_TIME) 
	values (3, 'CSF_LOGGER_LABEL_3', 'RESERVED', 'INFO1', 'MESSAGE TRACKING CODE: OUTGOING_STATUS_DONE_CONSUMER', 'Y', 'SampleUser', CURRENT_TIMESTAMP, 'SampleUser', CURRENT_TIMESTAMP);
	
insert into CSF_LOGGER_CODES (LOGGER_CODE, LOGGER_LABEL, LOGGER_CATEGORY, LOGGER_LEVEL, LOGGER_DESCRIPTION, ACTIVE_FLAG, CREATE_ID, CREATE_DATE_TIME, LAST_MOD_ID, LAST_MOD_DATE_TIME) 
	values (4, 'CSF_LOGGER_LABEL_4', 'RESERVED', 'INFO1', 'MESSAGE TRACKING CODE: OUTGOING_STATUS_DONE_PROVIDER', 'Y', 'SampleUser', CURRENT_TIMESTAMP, 'SampleUser', CURRENT_TIMESTAMP);
	
insert into CSF_LOGGER_CODES (LOGGER_CODE, LOGGER_LABEL, LOGGER_CATEGORY, LOGGER_LEVEL, LOGGER_DESCRIPTION, ACTIVE_FLAG, CREATE_ID, CREATE_DATE_TIME, LAST_MOD_ID, LAST_MOD_DATE_TIME) 
	values (5, 'CSF_LOGGER_LABEL_5', 'RESERVED', 'INFO1', 'MESSAGE TRACKING CODE: OUTGOING_STATUS_ERROR_CONSUMER', 'Y', 'SampleUser', CURRENT_TIMESTAMP, 'SampleUser', CURRENT_TIMESTAMP);
	
insert into CSF_LOGGER_CODES (LOGGER_CODE, LOGGER_LABEL, LOGGER_CATEGORY, LOGGER_LEVEL, LOGGER_DESCRIPTION, ACTIVE_FLAG, CREATE_ID, CREATE_DATE_TIME, LAST_MOD_ID, LAST_MOD_DATE_TIME) 
	values (6, 'CSF_LOGGER_LABEL_6', 'RESERVED', 'INFO1', 'MESSAGE TRACKING CODE: OUTGOING_STATUS_ERROR_PROVIDER', 'Y', 'SampleUser', CURRENT_TIMESTAMP, 'SampleUser', CURRENT_TIMESTAMP);
	
insert into CSF_LOGGER_CODES (LOGGER_CODE, LOGGER_LABEL, LOGGER_CATEGORY, LOGGER_LEVEL, LOGGER_DESCRIPTION, ACTIVE_FLAG, CREATE_ID, CREATE_DATE_TIME, LAST_MOD_ID, LAST_MOD_DATE_TIME) 
	values (7, 'CSF_LOGGER_LABEL_7', 'RESERVED', 'INFO1', 'MESSAGE TRACKING CODE: INCOMING_REQUEST', 'Y', 'SampleUser', CURRENT_TIMESTAMP, 'SampleUser', CURRENT_TIMESTAMP);
	
insert into CSF_LOGGER_CODES (LOGGER_CODE, LOGGER_LABEL, LOGGER_CATEGORY, LOGGER_LEVEL, LOGGER_DESCRIPTION, ACTIVE_FLAG, CREATE_ID, CREATE_DATE_TIME, LAST_MOD_ID, LAST_MOD_DATE_TIME) 
	values (8, 'CSF_LOGGER_LABEL_8', 'RESERVED', 'INFO1', 'MESSAGE TRACKING CODE: INCOMING_RESPONSE', 'Y', 'SampleUser', CURRENT_TIMESTAMP, 'SampleUser', CURRENT_TIMESTAMP);
	
insert into CSF_LOGGER_CODES (LOGGER_CODE, LOGGER_LABEL, LOGGER_CATEGORY, LOGGER_LEVEL, LOGGER_DESCRIPTION, ACTIVE_FLAG, CREATE_ID, CREATE_DATE_TIME, LAST_MOD_ID, LAST_MOD_DATE_TIME) 
	values (9, 'CSF_LOGGER_LABEL_9', 'RESERVED', 'INFO1', 'MESSAGE TRACKING CODE: INCOMING_STATUS_DONE_CONSUMER', 'Y', 'SampleUser', CURRENT_TIMESTAMP, 'SampleUser', CURRENT_TIMESTAMP);
	
insert into CSF_LOGGER_CODES (LOGGER_CODE, LOGGER_LABEL, LOGGER_CATEGORY, LOGGER_LEVEL, LOGGER_DESCRIPTION, ACTIVE_FLAG, CREATE_ID, CREATE_DATE_TIME, LAST_MOD_ID, LAST_MOD_DATE_TIME) 
	values (10, 'CSF_LOGGER_LABEL_10', 'RESERVED', 'INFO1', 'MESSAGE TRACKING CODE: INCOMING_STATUS_DONE_PROVIDER', 'Y', 'SampleUser', CURRENT_TIMESTAMP, 'SampleUser', CURRENT_TIMESTAMP);
	
insert into CSF_LOGGER_CODES (LOGGER_CODE, LOGGER_LABEL, LOGGER_CATEGORY, LOGGER_LEVEL, LOGGER_DESCRIPTION, ACTIVE_FLAG, CREATE_ID, CREATE_DATE_TIME, LAST_MOD_ID, LAST_MOD_DATE_TIME) 
	values (11, 'CSF_LOGGER_LABEL_11', 'RESERVED', 'INFO1', 'MESSAGE TRACKING CODE: INCOMING_STATUS_ERROR_CONSUMER', 'Y', 'SampleUser', CURRENT_TIMESTAMP, 'SampleUser', CURRENT_TIMESTAMP);
	
insert into CSF_LOGGER_CODES (LOGGER_CODE, LOGGER_LABEL, LOGGER_CATEGORY, LOGGER_LEVEL, LOGGER_DESCRIPTION, ACTIVE_FLAG, CREATE_ID, CREATE_DATE_TIME, LAST_MOD_ID, LAST_MOD_DATE_TIME) 
	values (12, 'CSF_LOGGER_LABEL_12', 'RESERVED', 'INFO1', 'MESSAGE TRACKING CODE: INCOMING_STATUS_ERROR_PROVIDER', 'Y', 'SampleUser', CURRENT_TIMESTAMP, 'SampleUser', CURRENT_TIMESTAMP);
	
	
--/*=============================================*/
--/*===	Populate Channels for Logger Codes      ===*/
--/*=============================================*/   
insert into LOGGER_CODES_CHANNEL (LOGGER_CODE, ALE_CHANNEL_CODE)
	values (1, 101);
insert into LOGGER_CODES_CHANNEL (LOGGER_CODE, ALE_CHANNEL_CODE)
	values (2, 101);
insert into LOGGER_CODES_CHANNEL (LOGGER_CODE, ALE_CHANNEL_CODE)
	values (3, 101);
insert into LOGGER_CODES_CHANNEL (LOGGER_CODE, ALE_CHANNEL_CODE)
	values (4, 101);
insert into LOGGER_CODES_CHANNEL (LOGGER_CODE, ALE_CHANNEL_CODE)
	values (5, 101);
insert into LOGGER_CODES_CHANNEL (LOGGER_CODE, ALE_CHANNEL_CODE)
	values (6, 101);
insert into LOGGER_CODES_CHANNEL (LOGGER_CODE, ALE_CHANNEL_CODE)
	values (7, 101);
insert into LOGGER_CODES_CHANNEL (LOGGER_CODE, ALE_CHANNEL_CODE)
	values (8, 101);
insert into LOGGER_CODES_CHANNEL (LOGGER_CODE, ALE_CHANNEL_CODE)
	values (9, 101);
insert into LOGGER_CODES_CHANNEL (LOGGER_CODE, ALE_CHANNEL_CODE)
	values (10, 101);
insert into LOGGER_CODES_CHANNEL (LOGGER_CODE, ALE_CHANNEL_CODE)
	values (11, 101);
insert into LOGGER_CODES_CHANNEL (LOGGER_CODE, ALE_CHANNEL_CODE)
	values (12, 101);				
insert into LOGGER_CODES_CHANNEL (LOGGER_CODE, ALE_CHANNEL_CODE)
	values (100, 101);
insert into LOGGER_CODES_CHANNEL (LOGGER_CODE, ALE_CHANNEL_CODE)
	values (100, 102);
insert into LOGGER_CODES_CHANNEL (LOGGER_CODE, ALE_CHANNEL_CODE)
	values (100, 106);
insert into LOGGER_CODES_CHANNEL (LOGGER_CODE, ALE_CHANNEL_CODE)
	values (200, 101);
insert into LOGGER_CODES_CHANNEL (LOGGER_CODE, ALE_CHANNEL_CODE)
	values (200, 107);
insert into LOGGER_CODES_CHANNEL (LOGGER_CODE, ALE_CHANNEL_CODE)
	values (300, 101);
insert into LOGGER_CODES_CHANNEL (LOGGER_CODE, ALE_CHANNEL_CODE)
	values (400, 101);
insert into LOGGER_CODES_CHANNEL (LOGGER_CODE, ALE_CHANNEL_CODE)
	values (500, 101);


--/*=============================================*/
--/*===	Populate Std Alerter Codes          ===*/
--/*=============================================*/   
insert into CSF_ALERTER_CODES (ALERTER_CODE, ALERTER_LABEL, ALERTER_CATEGORY, ALERTER_LEVEL, ALERTER_DESCRIPTION, ACTIVE_FLAG, CREATE_ID, CREATE_DATE_TIME, LAST_MOD_ID, LAST_MOD_DATE_TIME)
	values (1000, 'CSF_ALERTCODE_FATAL', 'APPLICATION', 'FATAL', 'Fatal Alert Code', 'Y', 'SampleUser', CURRENT_TIMESTAMP, 'SampleUser', CURRENT_TIMESTAMP);
	
insert into CSF_ALERTER_CODES (ALERTER_CODE, ALERTER_LABEL, ALERTER_CATEGORY, ALERTER_LEVEL, ALERTER_DESCRIPTION, ACTIVE_FLAG, CREATE_ID, CREATE_DATE_TIME, LAST_MOD_ID, LAST_MOD_DATE_TIME)
	values (2000, 'CSF_ALERTCODE_CRITICAL', 'APPLICATION', 'CRITICAL', 'Critical Alert Code', 'Y', 'SampleUser', CURRENT_TIMESTAMP, 'SampleUser', CURRENT_TIMESTAMP);
	
insert into CSF_ALERTER_CODES (ALERTER_CODE, ALERTER_LABEL, ALERTER_CATEGORY, ALERTER_LEVEL, ALERTER_DESCRIPTION, ACTIVE_FLAG, CREATE_ID, CREATE_DATE_TIME, LAST_MOD_ID, LAST_MOD_DATE_TIME)
	values (3000, 'CSF_ALERTCODE_WARNING', 'APPLICATION', 'WARNING', 'Warning Alert Code', 'Y', 'SampleUser', CURRENT_TIMESTAMP, 'SampleUser', CURRENT_TIMESTAMP);

insert into CSF_ALERTER_CODES (ALERTER_CODE, ALERTER_LABEL, ALERTER_CATEGORY, ALERTER_LEVEL, ALERTER_DESCRIPTION, ACTIVE_FLAG, CREATE_ID, CREATE_DATE_TIME, LAST_MOD_ID, LAST_MOD_DATE_TIME)
	values (4000, 'CSF_ALERTCODE_INFO1', 'APPLICATION', 'INFO1', 'Info Alert Code1', 'Y', 'SampleUser', CURRENT_TIMESTAMP, 'SampleUser', CURRENT_TIMESTAMP);

insert into CSF_ALERTER_CODES (ALERTER_CODE, ALERTER_LABEL, ALERTER_CATEGORY, ALERTER_LEVEL, ALERTER_DESCRIPTION, ACTIVE_FLAG, CREATE_ID, CREATE_DATE_TIME, LAST_MOD_ID, LAST_MOD_DATE_TIME)
	values (5000, 'CSF_ALERTCODE_INFO2', 'APPLICATION', 'INFO2', 'Info Alert Code2', 'Y', 'SampleUser', CURRENT_TIMESTAMP, 'SampleUser', CURRENT_TIMESTAMP);

--/*=============================================*/
--/*===	Populate Channels for Alerter Codes      ===*/
--/*=============================================*/   
insert into ALERTER_CODES_CHANNEL (ALERTER_CODE, ALE_CHANNEL_CODE)
	values (1000, 103);
insert into ALERTER_CODES_CHANNEL (ALERTER_CODE, ALE_CHANNEL_CODE)
	values (1000, 104);
insert into ALERTER_CODES_CHANNEL (ALERTER_CODE, ALE_CHANNEL_CODE)
	values (2000, 103);
insert into ALERTER_CODES_CHANNEL (ALERTER_CODE, ALE_CHANNEL_CODE)
	values (2000, 105);
insert into ALERTER_CODES_CHANNEL (ALERTER_CODE, ALE_CHANNEL_CODE)
	values (3000, 103);
insert into ALERTER_CODES_CHANNEL (ALERTER_CODE, ALE_CHANNEL_CODE)
	values (4000, 103);
insert into ALERTER_CODES_CHANNEL (ALERTER_CODE, ALE_CHANNEL_CODE)
	values (5000, 103);


--/*=============================================*/
--/*===	Populate Std Error Codes            ===*/
--/*=============================================*/      
insert into CSF_ERROR_CODES (ERROR_CODE, ERROR_LABEL, ERROR_CATEGORY, ERROR_LEVEL, ERROR_DESCRIPTION, AUTHORIZE_FLAG, LOGGER_FLAG, ALERTER_FLAG, REPLAY_FLAG, PERSIST_FLAG, ENCODE_FLAG, ALERTER_CODE,LOGGER_CODE, PERSIST_MODE, ENCODE_MODE, ACTIVE_FLAG, CREATE_ID, CREATE_DATE_TIME, LAST_MOD_ID, LAST_MOD_DATE_TIME) 
	values (1, 'CSF_ERRCODE_FATAL', 'APPLICATION', 'FATAL', 'Fatal Error Code', 'N', 'Y', 'Y', 'Y', 'Y', 'N', 1000, 100, 'DATABASE', 'NONE', 'Y', 'SampleUser', CURRENT_TIMESTAMP, 'SampleUser', CURRENT_TIMESTAMP);
	
insert into CSF_ERROR_CODES (ERROR_CODE, ERROR_LABEL, ERROR_CATEGORY, ERROR_LEVEL, ERROR_DESCRIPTION, AUTHORIZE_FLAG, LOGGER_FLAG, ALERTER_FLAG, REPLAY_FLAG, PERSIST_FLAG, ENCODE_FLAG, ALERTER_CODE, LOGGER_CODE, PERSIST_MODE, ENCODE_MODE, ACTIVE_FLAG, CREATE_ID, CREATE_DATE_TIME, LAST_MOD_ID, LAST_MOD_DATE_TIME) 
	values (2, 'CSF_ERRCODE_CRITICAL', 'APPLICATION', 'CRITICAL', 'Critical Error Code', 'N', 'Y', 'Y', 'Y', 'Y', 'N', 2000, 200, 'DATABASE', 'NONE', 'Y', 'SampleUser', CURRENT_TIMESTAMP, 'SampleUser', CURRENT_TIMESTAMP);
	
insert into CSF_ERROR_CODES (ERROR_CODE, ERROR_LABEL, ERROR_CATEGORY, ERROR_LEVEL, ERROR_DESCRIPTION, AUTHORIZE_FLAG, LOGGER_FLAG, ALERTER_FLAG, REPLAY_FLAG, PERSIST_FLAG, ENCODE_FLAG, ALERTER_CODE, LOGGER_CODE, PERSIST_MODE, ENCODE_MODE, ACTIVE_FLAG, CREATE_ID, CREATE_DATE_TIME, LAST_MOD_ID, LAST_MOD_DATE_TIME) 
	values (3, 'CSF_ERRCODE_WARNING', 'APPLICATION', 'WARNING', 'Warning Error Code', 'N', 'Y', 'Y', 'Y', 'Y', 'N', 3000, 300, 'DATABASE', 'NONE', 'Y', 'SampleUser', CURRENT_TIMESTAMP, 'SampleUser', CURRENT_TIMESTAMP);

insert into CSF_ERROR_CODES (ERROR_CODE, ERROR_LABEL, ERROR_CATEGORY, ERROR_LEVEL, ERROR_DESCRIPTION, AUTHORIZE_FLAG, LOGGER_FLAG, ALERTER_FLAG, REPLAY_FLAG, PERSIST_FLAG, ENCODE_FLAG, ALERTER_CODE, LOGGER_CODE, PERSIST_MODE, ENCODE_MODE, ACTIVE_FLAG, CREATE_ID, CREATE_DATE_TIME, LAST_MOD_ID, LAST_MOD_DATE_TIME) 
	values (4, 'CSF_ERRCODE_INFO1', 'APPLICATION', 'INFO1', 'Info Error Code1', 'N', 'Y', 'Y', 'Y', 'Y', 'N', 4000, 400, 'DATABASE', 'NONE', 'Y', 'SampleUser', CURRENT_TIMESTAMP, 'SampleUser', CURRENT_TIMESTAMP);

insert into CSF_ERROR_CODES (ERROR_CODE, ERROR_LABEL, ERROR_CATEGORY, ERROR_LEVEL, ERROR_DESCRIPTION, AUTHORIZE_FLAG, LOGGER_FLAG, ALERTER_FLAG, REPLAY_FLAG, PERSIST_FLAG, ENCODE_FLAG, ALERTER_CODE, LOGGER_CODE, PERSIST_MODE, ENCODE_MODE, ACTIVE_FLAG, CREATE_ID, CREATE_DATE_TIME, LAST_MOD_ID, LAST_MOD_DATE_TIME) 
	values (5, 'CSF_ERRCODE_INFO2', 'APPLICATION', 'INFO2', 'Info Error Code2', 'N', 'Y', 'Y', 'Y', 'Y', 'N', 5000, 500, 'DATABASE', 'NONE', 'Y', 'SampleUser', CURRENT_TIMESTAMP, 'SampleUser', CURRENT_TIMESTAMP);

--/*===============================================================================
                             
--        ####### ####### #######  
--        #       #     # #        
--        #       #     # #
--        #####   #     # #####
--        #       #     # #
--        #       #     # #
--        ####### ####### #

--==================================================================================*/