<?xml version="1.0" encoding="UTF-8"?>
<!DOCTYPE filesystem PUBLIC "-//NetBeans//DTD Filesystem 1.1//EN" "http://www.netbeans.org/dtds/filesystem-1_1.dtd">
<filesystem>
    <folder name="Templates">
        <folder name="Project">
            <folder name="SOA">
                <file name="paramv4sepluginJBIModule.xml" url="/serviceengine/project/resources/se-jbi-module.xml">
                    <attr name="SystemFileSystem.localizingBundle" stringvalue="serviceengine.Bundle"/>
                    <attr name="SystemFileSystem.icon" urlvalue="nbresloc:/serviceengine/project/resources/projectIcon.png"/>
                    <attr name="instantiatingIterator" methodvalue="serviceengine.project.wizard.SEPluginProjectWizardIterator.createIterator"/>
                    <attr name="instantiatingWizardURL" urlvalue="nbresloc:/serviceengine/project/wizard/SEPluginProjectDescription.html"/>
                    <attr name="templateCategory" stringvalue="jbi-se-plugin-prj-types"/>
                    <attr name="template" boolvalue="true"/>
                </file>
            </folder>
        </folder>
    </folder>
    
    <folder name="JbiComponents">
        <!-- JBI Component -->
        <file name="paramv4seplugin">
            <attr name="id" stringvalue="paramv4seplugin"/>
            <attr name="type" stringvalue="Engine"/>
            <attr name="description" stringvalue="Description of service engine : paramv4seplugin"/>
        </file>
    </folder>
    
</filesystem>

