<?xml version="1.0" encoding="UTF-8"?>
<archetype-descriptor xsi:schemaLocation="http://maven.apache.org/plugins/maven-archetype-plugin/archetype-descriptor/1.0.0 http://maven.apache.org/xsd/archetype-descriptor-1.0.0.xsd" name="BindingComponent"
    xmlns="http://maven.apache.org/plugins/maven-archetype-plugin/archetype-descriptor/1.0.0"
    xmlns:xsi="http://www.w3.org/2001/XMLSchema-instance">
  <fileSets>
    <fileSet filtered="true" encoding="UTF-8">
      <directory>deploy-plugin/nbproject</directory>
      <includes>
        <include>**/*.xml</include>
        <include>**/*.properties</include>
      </includes>
    </fileSet>
    <fileSet filtered="true" encoding="UTF-8">
      <directory>deploy-plugin/src</directory>
      <includes>
        <include>**/*.java</include>
        <include>**/*.xml</include>
        <include>**/*.properties</include>
      </includes>
    </fileSet>
    <fileSet filtered="true" encoding="UTF-8">
      <directory>nbproject</directory>
      <includes>
        <include>**/*.xml</include>
        <include>**/*.properties</include>
      </includes>
    </fileSet>
    <fileSet filtered="true" encoding="UTF-8">
      <directory>nbproject/private</directory>
      <includes>
        <include>**/*.xml</include>
        <include>**/*.properties</include>
      </includes>
    </fileSet>
    <fileSet filtered="true" encoding="UTF-8">
      <directory>deploy-plugin</directory>
      <includes>
        <include>**/*.xml</include>
      </includes>
    </fileSet>
    <fileSet encoding="UTF-8">
      <directory>deploy-plugin/src</directory>
      <includes>
        <include>**/*.ExtensibilityElementTemplateProvider</include>
        <include>**/*.ElementFactory</include>
        <include>**/*.png</include>
        <include>**/*.ValidatorSchemaFactory</include>
        <include>**/*.Validator</include>
        <include>**/*.xsd</include>
      </includes>
    </fileSet>
    <fileSet encoding="UTF-8">
      <directory>deploy-plugin</directory>
      <includes>
        <include>**/*.mf</include>
      </includes>
    </fileSet>
    <fileSet filtered="true" encoding="UTF-8">
      <directory></directory>
      <includes>
        <include>build.xml</include>
        <include>install-params.properties</include>
        <include>m2nbbuild-impl.xml</include>
        <include>m2nbbuild.properties</include>
        <include>m2nbbuild.xml</include>
      </includes>
    </fileSet>
  </fileSets>
</archetype-descriptor>
