#set( $symbol_pound = '#' )
#set( $symbol_dollar = '$' )
#set( $symbol_escape = '\' )
<?xml version="1.0" encoding="UTF-8"?>
<!--
*** GENERATED FROM project.xml - DO NOT EDIT  ***
***         EDIT ../build.xml INSTEAD         ***
-->
<project name="cname-impl" basedir="..">
    <property file="nbproject/private/platform-private.properties"/>
    <property file="nbproject/platform.properties"/>
    <macrodef name="property" uri="http://www.netbeans.org/ns/nb-module-project/2">
        <attribute name="name"/>
        <attribute name="value"/>
        <sequential>
            <property name="@{name}" value="${symbol_dollar}{@{value}}"/>
        </sequential>
    </macrodef>
    <property file="${symbol_dollar}{user.properties.file}"/>
    <nbmproject2:property name="harness.dir" value="nbplatform.${symbol_dollar}{nbplatform.active}.harness.dir" xmlns:nbmproject2="http://www.netbeans.org/ns/nb-module-project/2"/>
    <nbmproject2:property name="netbeans.dest.dir" value="nbplatform.${symbol_dollar}{nbplatform.active}.netbeans.dest.dir" xmlns:nbmproject2="http://www.netbeans.org/ns/nb-module-project/2"/>
    <fail message="You must define 'nbplatform.${symbol_dollar}{nbplatform.active}.harness.dir'">
        <condition>
            <not>
                <available file="${symbol_dollar}{harness.dir}" type="dir"/>
            </not>
        </condition>
    </fail>
    <import file="${symbol_dollar}{harness.dir}/build.xml"/>
</project>
