<?xml version="1.0" encoding="UTF-8"?>
<archetype-descriptor xsi:schemaLocation="http://maven.apache.org/plugins/maven-archetype-plugin/archetype-descriptor/1.0.0 http://maven.apache.org/xsd/archetype-descriptor-1.0.0.xsd" name="BindingComponent"
    xmlns="http://maven.apache.org/plugins/maven-archetype-plugin/archetype-descriptor/1.0.0"
    xmlns:xsi="http://www.w3.org/2001/XMLSchema-instance">
  <requiredProperties>
    <requiredProperty key="glassfishLocation">
      <defaultValue>C:\\GlassFishESBv22\\glassfish</defaultValue>
    </requiredProperty>
  </requiredProperties>
  <fileSets>
    <fileSet filtered="true" encoding="UTF-8">
      <directory>test/java</directory>
      <includes>
        <include>**/*.xml</include>
        <include>**/*.java</include>
        <include>**/*.properties</include>
      </includes>
    </fileSet>
    <fileSet filtered="true" encoding="UTF-8">
      <directory>src/java</directory>
      <includes>
        <include>**/*.java</include>
      </includes>
    </fileSet>
    <fileSet encoding="UTF-8">
      <directory>src/java</directory>
      <includes>
        <include>**/*.xsd</include>
      </includes>
    </fileSet>
    <fileSet filtered="true" encoding="UTF-8">
      <directory>test/testSA</directory>
      <includes>
        <include>**/*.xml</include>
        <include>**/*.properties</include>
      </includes>
    </fileSet>    
    <fileSet filtered="true" encoding="UTF-8">
      <directory>nbproject</directory>
      <includes>
        <include>**/*.xml</include>
        <include>**/*.properties</include>
      </includes>
    </fileSet>
    <fileSet filtered="true" encoding="UTF-8">
      <directory>src/conf</directory>
      <includes>
        <include>**/*.xml</include>
      </includes>
    </fileSet>
    <fileSet filtered="true" encoding="UTF-8">
      <directory>nbproject/private</directory>
      <includes>
        <include>**/*.xml</include>
        <include>**/*.properties</include>
      </includes>
    </fileSet>   
    <fileSet encoding="UTF-8">
      <directory>test/testSA</directory>
      <includes>
        <include>**/*.xsl</include>
        <include>**/*.wsdl</include>
      </includes>
    </fileSet>
    <fileSet filtered="true" encoding="UTF-8">
      <directory></directory>
      <includes>
        <include>build.xml</include>
        <include>install-params.properties</include>
        <include>m2nbbuild-impl.xml</include>
        <include>m2nbbuild.properties</include>
        <include>m2nbbuild.xml</include>
      </includes>
    </fileSet>
  </fileSets>
</archetype-descriptor>
